Mariana,Santos,Itana,MG,MarianaMeloSantos@jourrapide.com,female,Ms.Eduardo,Goncalves,Salto,SP,EduardoCunhaGoncalves@einrot.com,male,Mr.Igor,Rodrigues,Fortaleza,CE,IgorRochaRodrigues@fleckens.hu,male,Mr.Felipe,Carvalho,Chapeco,SC,FelipeAzevedoCarvalho@fleckens.hu,male,Mr.Luan,Ferreira,Goiania,GO,LuanCorreiaFerreira@armyspy.com,male,Mr.Leonor,Rodrigues,Aparecida de Goiania,GO,LeonorSantosRodrigues@armyspy.com,female,Dr.Raissa,Castro,Guarulhos,SP,RaissaRodriguesCastro@fleckens.hu,female,Mrs.Amanda,Cunha,Votorantim,SP,AmandaCarvalhoCunha@teleworm.us,female,Mrs.Miguel,Dias,Fortaleza,CE,MiguelRibeiroDias@jourrapide.com,male,Mr.Julio,Sousa,Uberlandia,MG,JulioAlvesSousa@superrito.com,male,Mr.Livia,Silva,Sao Joao Del Rei,MG,LiviaCorreiaSilva@fleckens.hu,female,Ms.Julia,Pereira,Goiania,GO,JuliaAzevedoPereira@gustr.com,female,Ms.Rodrigo,Lima,Porto Alegre,RS,RodrigoSousaLima@fleckens.hu,male,Mr.Sophia,Barros,Belford Roxo,RJ,SophiaBarbosaBarros@cuvox.de,female,Mrs.Tiago,Santos,Uberlandia,MG,TiagoRochaSantos@teleworm.us,male,Mr.Giovana,Castro,Aparecida de Goiania,GO,GiovanaAzevedoCastro@armyspy.com,female,Ms.Lucas,Dias,Ourinhos,SP,LucasAzevedoDias@gustr.com,male,Mr.Larissa,Correia,Tatui,SP,LarissaCardosoCorreia@superrito.com,female,Mrs.Marcos,Rodrigues,Cruzeiro,DF,MarcosRochaRodrigues@rhyta.com,male,Mr.Livia,Cunha,Uberlandia,MG,LiviaRochaCunha@einrot.com,female,Ms.Amanda,Almeida,Sao Paulo,SP,AmandaBarrosAlmeida@einrot.com,female,Ms.Isabelle,Azevedo,Belem,PA,IsabelleFernandesAzevedo@gustr.com,female,Ms.Vinicius,Araujo,Viamao,RS,ViniciusOliveiraAraujo@cuvox.de,male,Mr.Isabella,Sousa,Guarulhos,SP,IsabellaCarvalhoSousa@fleckens.hu,female,Mrs.Leonor,Dias,Sao Carlos,SP,LeonorGoncalvesDias@fleckens.hu,female,Mrs.Melissa,Correia,Varginha,MG,MelissaMeloCorreia@armyspy.com,female,Ms.Livia,Lima,Sao Vicente,SP,LiviaFerreiraLima@rhyta.com,female,Mrs.Mateus,Dias,Curitiba,PR,MateusAzevedoDias@fleckens.hu,male,Dr.Leonardo,Sousa,Eunapolis,BA,LeonardoAlmeidaSousa@fleckens.hu,male,Mr.Laura,Carvalho,Cruzeiro,DF,LauraCastroCarvalho@superrito.com,female,Mrs.Enzo,Carvalho,Catanduva,SP,EnzoAzevedoCarvalho@gustr.com,male,Mr.Vitor,Cardoso,Feira de Santana,BA,VitorGoncalvesCardoso@einrot.com,male,Mr.Emilly,Dias,Sao Jose,SC,EmillyFerreiraDias@gustr.com,female,Ms.Rebeca,Oliveira,Serra,ES,RebecaDiasOliveira@rhyta.com,female,Mrs.Marisa,Sousa,Bebedouro,SP,MarisaLimaSousa@rhyta.com,female,Ms.Bruna,Barbosa,Maceio,AL,BrunaGoncalvesBarbosa@armyspy.com,female,Ms.Isabela,Azevedo,Campinas,SP,IsabelaLimaAzevedo@jourrapide.com,female,Mrs.Rodrigo,Barbosa,Curitiba,PR,RodrigoCardosoBarbosa@gustr.com,male,Mr.Rodrigo,Oliveira,Franco da Rocha,SP,RodrigoSouzaOliveira@superrito.com,male,Mr.Arthur,Martins,Porto Alegre,RS,ArthurSantosMartins@gustr.com,male,Mr.Carolina,Carvalho,Campos dos Goytacazes,RJ,CarolinaSousaCarvalho@superrito.com,female,Ms.Antonio,Barros,Sao Paulo,SP,AntonioSouzaBarros@teleworm.us,male,Mr.Leticia,Castro,Jaboatao dos Guararapes,PE,LeticiaCostaCastro@einrot.com,female,Ms.Enzo,Cavalcanti,Serra,ES,EnzoDiasCavalcanti@rhyta.com,male,Mr.Erick,Cardoso,Fortaleza,CE,ErickBarrosCardoso@gustr.com,male,Mr.Marcos,Silva,Contagem,MG,MarcosAlvesSilva@armyspy.com,male,Mr.Clara,Alves,Poa,SP,ClaraGomesAlves@dayrep.com,female,Mrs.Lucas,Fernandes,Joinville,SC,LucasAraujoFernandes@jourrapide.com,male,Mr.Ryan,Oliveira,Jaboatao dos Guararapes,PE,RyanAraujoOliveira@teleworm.us,male,Mr.Caua,Almeida,Pindamonhangaba,SP,CauaAzevedoAlmeida@dayrep.com,male,Mr.Lara,Sousa,Bauru,SP,LaraCostaSousa@superrito.com,female,Ms.Caio,Cardoso,Bebedouro,SP,CaioFerreiraCardoso@fleckens.hu,male,Mr.Caua,Costa,Belo Horizonte,MG,CauaAlmeidaCosta@gustr.com,male,Mr.Beatrice,Lima,Viamao,RS,BeatriceCastroLima@armyspy.com,female,Ms.Murilo,Melo,Olinda,PE,MuriloRodriguesMelo@rhyta.com,male,Mr.Carla,Alves,Santa Maria,RS,CarlaSilvaAlves@einrot.com,female,Ms.Vitoria,Rocha,Montes Claros,MG,VitoriaRodriguesRocha@dayrep.com,female,Mrs.Davi,Barbosa,Patos,PB,DaviSilvaBarbosa@superrito.com,male,Mr.Alice,Barros,Belem,PA,AliceGoncalvesBarros@armyspy.com,female,Mrs.Estevan,Correia,Francisco Beltrao,PR,EstevanGomesCorreia@jourrapide.com,male,Mr.Victor,Pereira,Sao Leopoldo,RS,VictorCastroPereira@superrito.com,male,Mr.Erick,Rocha,Rondonopolis,MT,ErickPintoRocha@cuvox.de,male,Mr.Isabelle,Santos,Itapecerica da Serra,SP,IsabelleCostaSantos@teleworm.us,female,Ms.Fernanda,Barbosa,Macae,RJ,FernandaSousaBarbosa@dayrep.com,female,Mrs.Thiago,Cardoso,Sao Paulo,SP,ThiagoBarbosaCardoso@cuvox.de,male,Mr.Fabio,Fernandes,Londrina,PR,FabioBarrosFernandes@cuvox.de,male,Mr.Sarah,Rocha,Criciuma,SC,SarahFernandesRocha@dayrep.com,female,Mrs.Kaua,Rodrigues,Nucleo Bandeirante,DF,KauaPintoRodrigues@armyspy.com,male,Mr.Vitoria,Castro,Serra,ES,VitoriaCavalcantiCastro@superrito.com,female,Mrs.Guilherme,Martins,Camaragibe,PE,GuilhermeOliveiraMartins@jourrapide.com,male,Mr.Brenda,Alves,Catalao,GO,BrendaCastroAlves@gustr.com,female,Mrs.Alex,Almeida,Guarulhos,SP,AlexMartinsAlmeida@cuvox.de,male,Mr.Vitoria,Araujo,Natal,RN,VitoriaOliveiraAraujo@teleworm.us,female,Ms.Samuel,Souza,Sao Paulo,SP,SamuelCardosoSouza@dayrep.com,male,Mr.Otavio,Cunha,Passos,MG,OtavioRochaCunha@gustr.com,male,Mr.Sofia,Sousa,Presidente Prudente,SP,SofiaRochaSousa@dayrep.com,female,Ms.Tiago,Cardoso,Sao Paulo,SP,TiagoSantosCardoso@einrot.com,male,Mr.Tania,Castro,Campo Limpo Paulista,SP,TaniaSantosCastro@teleworm.us,female,Ms.Eduarda,Goncalves,Maua,SP,EduardaMartinsGoncalves@fleckens.hu,female,Ms.Luiz,Melo,Maceio,AL,LuizPereiraMelo@armyspy.com,male,Mr.Kaua,Rodrigues,Queimados,RJ,KauaCardosoRodrigues@fleckens.hu,male,Mr.Carlos,Martins,Serra,ES,CarlosAraujoMartins@superrito.com,male,Mr.Leila,Barros,Sao Paulo,SP,LeilaMeloBarros@armyspy.com,female,Mrs.Yasmin,Ribeiro,Cachoeiro de Itapemirim,ES,YasminSousaRibeiro@einrot.com,female,Ms.Luis,Lima,Porto Velho,RO,LuisSousaLima@fleckens.hu,male,Mr.Enzo,Fernandes,Belo Horizonte,MG,EnzoSousaFernandes@einrot.com,male,Mr.Leonardo,Azevedo,Vitoria,ES,LeonardoSantosAzevedo@teleworm.us,male,Mr.Vitor,Lima,Goiania,GO,VitorCunhaLima@armyspy.com,male,Mr.Pedro,Rocha,Rio de Janeiro,RJ,PedroMeloRocha@jourrapide.com,male,Mr.Andre,Azevedo,Rio de Janeiro,RJ,AndreRodriguesAzevedo@armyspy.com,male,Mr.Diego,Rocha,Anapolis,GO,DiegoSouzaRocha@teleworm.us,male,Mr.Gabrielle,Ferreira,Sao Paulo,SP,GabrielleDiasFerreira@jourrapide.com,female,Mrs.Martim,Barros,Blumenau,SC,MartimCostaBarros@rhyta.com,male,Mr.Sarah,Santos,Rio de Janeiro,RJ,SarahCavalcantiSantos@gustr.com,female,Mrs.Isabelle,Pinto,Guarapuava,PR,IsabelleAlvesPinto@fleckens.hu,female,Mrs.Raissa,Azevedo,Cruz Alta,RS,RaissaSousaAzevedo@armyspy.com,female,Ms.Bianca,Ferreira,Joinville,SC,BiancaAlmeidaFerreira@superrito.com,female,Mrs.Lavinia,Dias,Sao Sebastiao,DF,LaviniaAlmeidaDias@gustr.com,female,Ms.Alice,Barros,Guarulhos,SP,AliceSouzaBarros@gustr.com,female,Ms.Julio,Oliveira,Caucaia,CE,JulioCarvalhoOliveira@rhyta.com,male,Mr.Julia,Correia,Aracaju,SE,JuliaMeloCorreia@cuvox.de,female,Ms.Aline,Azevedo,Campo Grande,MS,AlineSousaAzevedo@gustr.com,female,Mrs.Igor,Carvalho,Ipatinga,MG,IgorAlvesCarvalho@fleckens.hu,male,Mr.Maria,Pinto,Aracaju,SE,MariaCavalcantiPinto@dayrep.com,female,Ms.Alex,Martins,Manaus,AM,AlexSouzaMartins@superrito.com,male,Mr.Samuel,Dias,Belo Horizonte,MG,SamuelOliveiraDias@fleckens.hu,male,Mr.Tiago,Fernandes,Guarapuava,PR,TiagoMartinsFernandes@superrito.com,male,Mr.Antonio,Fernandes,Maceio,AL,AntonioMartinsFernandes@fleckens.hu,male,Mr.Nicole,Barbosa,Joao Pessoa,PB,NicoleCorreiaBarbosa@dayrep.com,female,Mrs.Guilherme,Silva,Americana,SP,GuilhermeAzevedoSilva@rhyta.com,male,Mr.Gabrielly,Sousa,Carapicuiba,SP,GabriellyRibeiroSousa@fleckens.hu,female,Mrs.Julia,Goncalves,Sao Roque,SP,JuliaSantosGoncalves@superrito.com,female,Ms.Diego,Costa,Campos dos Goytacazes,RJ,DiegoRodriguesCosta@fleckens.hu,male,Mr.Julian,Souza,Goiania,GO,JulianAraujoSouza@fleckens.hu,male,Mr.Matilde,Martins,Londrina,PR,MatildeMeloMartins@fleckens.hu,female,Mrs.Vinicius,Cardoso,Itajai,SC,ViniciusPintoCardoso@fleckens.hu,male,Mr.Luan,Costa,Sao Paulo,SP,LuanSilvaCosta@fleckens.hu,male,Mr.Julio,Rocha,Sao Paulo,SP,JulioCastroRocha@armyspy.com,male,Mr.Luana,Gomes,Guarulhos,SP,LuanaSousaGomes@superrito.com,female,Dr.Matheus,Correia,Sao Jose dos Pinhais,PR,MatheusGoncalvesCorreia@fleckens.hu,male,Mr.Renan,Carvalho,Lages,SC,RenanCorreiaCarvalho@superrito.com,male,Mr.Matilde,Fernandes,Sousa,PB,MatildeCastroFernandes@gustr.com,female,Ms.Melissa,Cunha,Campo Limpo Paulista,SP,MelissaAzevedoCunha@einrot.com,female,Ms.Joao,Rocha,Alagoinhas,BA,JoaoOliveiraRocha@cuvox.de,male,Mr.Julia,Azevedo,Contagem,MG,JuliaPereiraAzevedo@rhyta.com,female,Ms.Leila,Pinto,Americana,SP,LeilaBarbosaPinto@einrot.com,female,Mrs.Joao,Azevedo,Sao Paulo,SP,JoaoBarbosaAzevedo@fleckens.hu,male,Mr.Pedro,Dias,Santo Antonio de Jesus,BA,PedroCorreiaDias@cuvox.de,male,Mr.Caio,Martins,Recife,PE,CaioRochaMartins@cuvox.de,male,Mr.Enzo,Ferreira,Itajuba,MG,EnzoMartinsFerreira@cuvox.de,male,Mr.Nicolash,Rocha,Mogi das Cruzes,SP,NicolashCorreiaRocha@fleckens.hu,male,Mr.Luis,Goncalves,Sao Bernardo do Campo,SP,LuisCavalcantiGoncalves@rhyta.com,male,Mr.Renan,Cunha,Vila Velha,ES,RenanAraujoCunha@superrito.com,male,Mr.Vinicius,Martins,Campinas,SP,ViniciusCavalcantiMartins@dayrep.com,male,Mr.Caio,Silva,Cacoal,RO,CaioCastroSilva@armyspy.com,male,Mr.Bruna,Lima,Taguatinga,DF,BrunaCardosoLima@fleckens.hu,female,Mrs.Vitor,Ferreira,Campo Grande,MS,VitorBarbosaFerreira@superrito.com,male,Mr.Gabriela,Pinto,Niteroi,RJ,GabrielaAraujoPinto@armyspy.com,female,Ms.Murilo,Cardoso,Porto Alegre,RS,MuriloCunhaCardoso@fleckens.hu,male,Mr.Nicolash,Gomes,Rondonopolis,MT,NicolashRodriguesGomes@armyspy.com,male,Mr.Aline,Fernandes,Novo Hamburgo,RS,AlineMeloFernandes@einrot.com,female,Ms.Thiago,Almeida,Paranoa,DF,ThiagoMeloAlmeida@jourrapide.com,male,Mr.Pedro,Alves,Ipatinga,MG,PedroCardosoAlves@fleckens.hu,male,Mr.Carlos,Almeida,Duque de Caxias,RJ,CarlosRibeiroAlmeida@armyspy.com,male,Mr.Kauan,Rodrigues,Porto Alegre,RS,KauanAlmeidaRodrigues@einrot.com,male,Mr.Joao,Cunha,Ponta Grossa,PR,JoaoCarvalhoCunha@jourrapide.com,male,Mr.Caio,Cardoso,Brasilia,DF,CaioCarvalhoCardoso@rhyta.com,male,Mr.Paulo,Cavalcanti,Curitiba,PR,PauloFerreiraCavalcanti@rhyta.com,male,Mr.Luan,Ribeiro,Petropolis,RJ,LuanFernandesRibeiro@armyspy.com,male,Mr.Rodrigo,Almeida,Florianopolis,SC,RodrigoMeloAlmeida@fleckens.hu,male,Mr.Julio,Fernandes,Natal,RN,JulioDiasFernandes@teleworm.us,male,Mr.Julian,Ferreira,Niteroi,RJ,JulianSousaFerreira@superrito.com,male,Mr.Beatriz,Alves,Sao Paulo,SP,BeatrizSousaAlves@rhyta.com,female,Mrs.Jose,Gomes,Canoas,RS,JoseFerreiraGomes@jourrapide.com,male,Mr.Carla,Lima,Sao Leopoldo,RS,CarlaMartinsLima@cuvox.de,female,Mrs.Emily,Cunha,Votuporanga,SP,EmilyFerreiraCunha@jourrapide.com,female,Ms.Carlos,Sousa,Luziania,GO,CarlosCostaSousa@gustr.com,male,Mr.Joao,Santos,Sao Joao da Boa Vista,SP,JoaoFerreiraSantos@jourrapide.com,male,Mr.Julio,Araujo,Sao Paulo,SP,JulioGomesAraujo@teleworm.us,male,Mr.Isabela,Cavalcanti,Caraguatatuba,SP,IsabelaGoncalvesCavalcanti@dayrep.com,female,Mrs.Caio,Pinto,Pato Branco,PR,CaioMeloPinto@rhyta.com,male,Mr.Giovanna,Cavalcanti,Rio de Janeiro,RJ,GiovannaMartinsCavalcanti@einrot.com,female,Ms.Gabrielly,Dias,Barretos,SP,GabriellyLimaDias@superrito.com,female,Mrs.Lucas,Correia,Suzano,SP,LucasDiasCorreia@einrot.com,male,Mr.Leonardo,Gomes,Presidente Prudente,SP,LeonardoMartinsGomes@dayrep.com,male,Dr.Tiago,Cavalcanti,Caxias,MA,TiagoPereiraCavalcanti@armyspy.com,male,Mr.Giovana,Lima,Natal,RN,GiovanaRochaLima@dayrep.com,female,Ms.Giovana,Barbosa,Campinas,SP,GiovanaRodriguesBarbosa@fleckens.hu,female,Ms.Luis,Rocha,Sao Joao de Meriti,RJ,LuisSouzaRocha@gustr.com,male,Mr.Matheus,Carvalho,Goiania,GO,MatheusDiasCarvalho@jourrapide.com,male,Mr.Thiago,Santos,Sao Jose dos Campos,SP,ThiagoCastroSantos@teleworm.us,male,Mr.Tomas,Correia,Sao Paulo,SP,TomasPintoCorreia@jourrapide.com,male,Mr.Diogo,Cardoso,Votorantim,SP,DiogoSousaCardoso@dayrep.com,male,Mr.Eduardo,Melo,Cascavel,PR,EduardoLimaMelo@rhyta.com,male,Mr.Caua,Araujo,Pindamonhangaba,SP,CauaLimaAraujo@jourrapide.com,male,Mr.Bianca,Ribeiro,Sao Paulo,SP,BiancaRochaRibeiro@einrot.com,female,Mrs.Luiz,Rodrigues,Mogi das Cruzes,SP,LuizAraujoRodrigues@superrito.com,male,Mr.Sarah,Cardoso,Sabara,MG,SarahFerreiraCardoso@armyspy.com,female,Ms.Vitoria,Cunha,Votorantim,SP,VitoriaPereiraCunha@gustr.com,female,Ms.Ana,Fernandes,Maua,SP,AnaBarbosaFernandes@armyspy.com,female,Ms.Marina,Dias,Franco da Rocha,SP,MarinaGomesDias@teleworm.us,female,Mrs.Rafaela,Fernandes,Cariacica,ES,RafaelaLimaFernandes@teleworm.us,female,Ms.Diego,Lima,Porto Alegre,RS,DiegoAzevedoLima@fleckens.hu,male,Mr.Carlos,Sousa,Betim,MG,CarlosMeloSousa@armyspy.com,male,Mr.Eduardo,Cunha,Rio de Janeiro,RJ,EduardoRibeiroCunha@jourrapide.com,male,Mr.Carla,Goncalves,Cascavel,PR,CarlaSousaGoncalves@armyspy.com,female,Ms.Julia,Alves,Jau,SP,JuliaFerreiraAlves@superrito.com,female,Mrs.Marina,Barbosa,Belem,PA,MarinaPereiraBarbosa@einrot.com,female,Mrs.Murilo,Dias,Ribeirao Preto,SP,MuriloCorreiaDias@fleckens.hu,male,Mr.Daniel,Azevedo,Guara,DF,DanielRodriguesAzevedo@einrot.com,male,Mr.Vitor,Araujo,Cariacica,ES,VitorCardosoAraujo@gustr.com,male,Mr.Ryan,Rocha,Itajai,SC,RyanBarbosaRocha@gustr.com,male,Mr.Pedro,Pinto,Sao Paulo,SP,PedroAlmeidaPinto@gustr.com,male,Mr.Livia,Rodrigues,Teresopolis,RJ,LiviaOliveiraRodrigues@superrito.com,female,Mrs.Pedro,Ribeiro,Rio Branco,AC,PedroCorreiaRibeiro@dayrep.com,male,Mr.Vinicius,Lima,Lages,SC,ViniciusAzevedoLima@dayrep.com,male,Mr.Daniel,Pinto,Olinda,PE,DanielCostaPinto@teleworm.us,male,Mr.Otavio,Ribeiro,Sao Paulo,SP,OtavioCorreiaRibeiro@fleckens.hu,male,Mr.Vitoria,Melo,Sao Luis,MA,VitoriaCorreiaMelo@fleckens.hu,female,Ms.Beatriz,Rodrigues,Salvador,BA,BeatrizCostaRodrigues@jourrapide.com,female,Mrs.Agatha,Fernandes,Belem,PA,AgathaSilvaFernandes@rhyta.com,female,Ms.Murilo,Martins,Rio Branco,AC,MuriloBarbosaMartins@jourrapide.com,male,Mr.Julio,Lima,Santarem,PA,JulioAraujoLima@rhyta.com,male,Mr.Mateus,Azevedo,Curitiba,PR,MateusCastroAzevedo@gustr.com,male,Mr.Antonio,Correia,Campo Grande,MS,AntonioMeloCorreia@fleckens.hu,male,Mr.Kai,Carvalho,Patos de Minas,MG,KaiAzevedoCarvalho@teleworm.us,male,Mr.Livia,Alves,Teresina,PI,LiviaSilvaAlves@dayrep.com,female,Ms.Clara,Correia,Caxias do Sul,RS,ClaraRibeiroCorreia@einrot.com,female,Mrs.Diego,Alves,Macae,RJ,DiegoCostaAlves@dayrep.com,male,Mr.Kauan,Silva,Sao Paulo,SP,KauanSousaSilva@jourrapide.com,male,Mr.Marcos,Goncalves,Sao Paulo,SP,MarcosCostaGoncalves@jourrapide.com,male,Mr.Tomas,Cardoso,Timon,MA,TomasGoncalvesCardoso@gustr.com,male,Mr.Tiago,Alves,Belo Horizonte,MG,TiagoSantosAlves@rhyta.com,male,Mr.Lavinia,Costa,Campo Largo,PR,LaviniaSantosCosta@rhyta.com,female,Ms.Antonio,Dias,Manaus,AM,AntonioAraujoDias@cuvox.de,male,Mr.Daniel,Cunha,Joao Pessoa,PB,DanielRibeiroCunha@dayrep.com,male,Mr.Manuela,Cardoso,Curitiba,PR,ManuelaSouzaCardoso@teleworm.us,female,Mrs.Julia,Melo,Canoas,RS,JuliaGoncalvesMelo@fleckens.hu,female,Mrs.Carolina,Ribeiro,Rio de Janeiro,RJ,CarolinaAlvesRibeiro@rhyta.com,female,Dr.Eduardo,Pereira,Sao Jose do Rio Preto,SP,EduardoRodriguesPereira@cuvox.de,male,Mr.Vitor,Ferreira,Camaragibe,PE,VitorCarvalhoFerreira@cuvox.de,male,Mr.Alice,Cavalcanti,Santana de Parnaiba,SP,AliceDiasCavalcanti@rhyta.com,female,Ms.Leticia,Ribeiro,Belo Horizonte,MG,LeticiaRodriguesRibeiro@rhyta.com,female,Mrs.Eduardo,Fernandes,Caxias do Sul,RS,EduardoOliveiraFernandes@teleworm.us,male,Mr.Nicolash,Azevedo,Igarassu,PE,NicolashCostaAzevedo@fleckens.hu,male,Mr.Rebeca,Alves,Goiania,GO,RebecaGoncalvesAlves@superrito.com,female,Mrs.Davi,Ferreira,Guaruja,SP,DaviCorreiaFerreira@armyspy.com,male,Mr.Sarah,Gomes,Londrina,PR,SarahMartinsGomes@gustr.com,female,Mrs.Aline,Barros,Sao Jose do Rio Preto,SP,AlineMartinsBarros@jourrapide.com,female,Mrs.Laura,Ferreira,Samambaia,DF,LauraCunhaFerreira@gustr.com,female,Mrs.Mariana,Correia,Almirante Tamandare,PR,MarianaCostaCorreia@einrot.com,female,Ms.Maria,Almeida,Niteroi,RJ,MariaLimaAlmeida@cuvox.de,female,Mrs.Pedro,Ribeiro,Paulista,PE,PedroBarrosRibeiro@jourrapide.com,male,Mr.Arthur,Souza,Teofilo Otoni,MG,ArthurCavalcantiSouza@jourrapide.com,male,Mr.Vitoria,Santos,Porto Alegre,RS,VitoriaBarrosSantos@einrot.com,female,Ms.Emilly,Pereira,Ribeirao Preto,SP,EmillySilvaPereira@gustr.com,female,Ms.Eduarda,Cavalcanti,Gurupi,TO,EduardaCorreiaCavalcanti@rhyta.com,female,Ms.Evelyn,Araujo,Catalao,GO,EvelynLimaAraujo@armyspy.com,female,Mrs.Vitoria,Barbosa,Campinas,SP,VitoriaRodriguesBarbosa@fleckens.hu,female,Ms.Matilde,Dias,Salvador,BA,MatildeRochaDias@superrito.com,female,Ms.Livia,Souza,Juiz de Fora,MG,LiviaCunhaSouza@cuvox.de,female,Mrs.Tomas,Fernandes,Rio de Janeiro,RJ,TomasCunhaFernandes@teleworm.us,male,Mr.Leonardo,Pereira,Florianopolis,SC,LeonardoSantosPereira@teleworm.us,male,Mr.Joao,Rodrigues,Sao Luis,MA,JoaoRochaRodrigues@cuvox.de,male,Mr.Julia,Melo,Sao Paulo,SP,JuliaCostaMelo@rhyta.com,female,Ms.Otavio,Dias,Recife,PE,OtavioPintoDias@rhyta.com,male,Mr.Mateus,Oliveira,Samambaia,DF,MateusCavalcantiOliveira@gustr.com,male,Mr.Vitor,Barros,Joinville,SC,VitorCostaBarros@jourrapide.com,male,Mr.Vitoria,Dias,Avare,SP,VitoriaOliveiraDias@dayrep.com,female,Ms.Nicolash,Correia,Natal,RN,NicolashCardosoCorreia@armyspy.com,male,Mr.Sarah,Azevedo,Sao Paulo,SP,SarahCarvalhoAzevedo@einrot.com,female,Ms.Julia,Oliveira,Ribeirao das Neves,MG,JuliaBarbosaOliveira@cuvox.de,female,Ms.Luan,Alves,Valparaiso de Goias,GO,LuanCardosoAlves@dayrep.com,male,Mr.Melissa,Almeida,Avare,SP,MelissaCardosoAlmeida@einrot.com,female,Mrs.Vitoria,Almeida,Piracicaba,SP,VitoriaGoncalvesAlmeida@superrito.com,female,Mrs.Andre,Correia,Cariacica,ES,AndreBarrosCorreia@fleckens.hu,male,Mr.Eduardo,Rocha,Campina Grande,PB,EduardoLimaRocha@fleckens.hu,male,Mr.Sophia,Barros,Guarapuava,PR,SophiaGomesBarros@fleckens.hu,female,Ms.Luan,Almeida,Maringa,PR,LuanSilvaAlmeida@gustr.com,male,Mr.Beatriz,Souza,Luziania,GO,BeatrizBarbosaSouza@einrot.com,female,Ms.Clara,Cavalcanti,Samambaia,DF,ClaraGomesCavalcanti@armyspy.com,female,Mrs.Luis,Barros,Campina Grande,PB,LuisPereiraBarros@einrot.com,male,Mr.Igor,Martins,Uberlandia,MG,IgorOliveiraMartins@einrot.com,male,Mr.Victor,Pereira,Curitiba,PR,VictorAlvesPereira@gustr.com,male,Mr.Giovana,Dias,Belo Horizonte,MG,GiovanaPereiraDias@armyspy.com,female,Dr.Martim,Ferreira,Itatiba,SP,MartimCastroFerreira@rhyta.com,male,Mr.Erick,Oliveira,Campinas,SP,ErickRochaOliveira@fleckens.hu,male,Mr.Nicolash,Araujo,Ananindeua,PA,NicolashLimaAraujo@superrito.com,male,Mr.Igor,Gomes,Paulista,PE,IgorCunhaGomes@armyspy.com,male,Mr.Carla,Silva,Goiania,GO,CarlaSouzaSilva@cuvox.de,female,Ms.Julian,Barros,Goiania,GO,JulianMartinsBarros@cuvox.de,male,Mr.Davi,Araujo,Queimados,RJ,DaviMeloAraujo@rhyta.com,male,Mr.Felipe,Pereira,Blumenau,SC,FelipeRibeiroPereira@fleckens.hu,male,Mr.Raissa,Martins,Sao Paulo,SP,RaissaCavalcantiMartins@dayrep.com,female,Mrs.Murilo,Souza,Natal,RN,MuriloAlvesSouza@dayrep.com,male,Mr.Tomas,Barros,Londrina,PR,TomasCunhaBarros@jourrapide.com,male,Mr.Danilo,Cardoso,Belem,PA,DaniloFerreiraCardoso@fleckens.hu,male,Mr.Luana,Alves,Ceilandia,DF,LuanaFerreiraAlves@teleworm.us,female,Mrs.Lavinia,Alves,Goiania,GO,LaviniaRochaAlves@jourrapide.com,female,Mrs.Emilly,Costa,Cruzeiro,SP,EmillyPintoCosta@teleworm.us,female,Ms.Nicole,Sousa,Juiz de Fora,MG,NicoleFernandesSousa@fleckens.hu,female,Mrs.
